RID,age
5fe38da5-7cf5-81f1-8e2c-d20abbc8dcce,26
5fe38cef-d9d8-474b-3d3f-c365268cec0f,65
5fe38d9d-a6a1-0c69-51e7-f8439ec7c48b,69
5fe38e9f-b282-6cf5-4fbf-87b383e67aca,18
5fe38c83-c1ff-c655-8e67-2d56878d06c6,67
5fe38d0d-2d48-43d3-0d5e-9a3f854915d0,25
5fe38e4c-86fa-3453-fced-46222b7e76b8,76
5fe390f3-7308-2816-5514-e36c6266ae32,79
5fe3911b-d73d-77ca-2483-21f21cd4a776,18
5fe392db-a679-b1d8-f396-3dffca2e3ec2,30
5fe3946f-4b47-7071-c5c0-51ff87a74ae0,30
5fe39268-fff1-34d2-0270-5edd0d4b71c7,63
5fe394b2-460f-df8a-d12e-0ebdb91fe6b1,56
5fe39216-1b3d-5bfc-3056-bce1bc61798c,60
5fe396c6-3184-7497-4022-aaa0305fc75c,30
5fe38aac-c92f-7c4a-6fde-ab225ba02e4f,30
5fe38a23-831a-87e2-b752-d0b0f1dcb254,66
5fe38aac-0175-9969-c7e8-ed18f17c4969,41
5fe38a4c-b182-a292-5770-2b7b1156de9b,52
5fe38ad0-dd4d-3f03-89c9-16e08a1fa2fb,67
5fe38a74-9a78-4890-68c3-df85a3aa13d9,86
5fe38ce1-c183-586c-ce6f-27cb777675cc,65
5fe38fd6-605d-0439-c417-963d6fd0af14,36
5fe38fb9-6b2f-515a-c390-8e735a960b96,48
5fe39104-1acd-933b-d911-c942ab231e41,59
5fe39205-292b-2349-ef15-62de64d6b5f5,28
5fe392ee-d71a-efc1-aee0-b1c2df36faa7,21
5fe392fa-11db-8939-2bca-f350c47b28f3,18
5fe39376-aac9-5af8-cc34-203528b87feb,51
5fe397a9-19b3-fcc2-7eb0-8801973aec90,19
5fe39458-51a1-61da-ca30-cc96d75d4b68,18
5fe0f1d6-070a-5895-42b1-82db49d5f989,24
5fe0f0e9-099e-be8a-fee7-d205aa38f3e4,71
5fe0f09c-c7cd-d7a0-31f6-540491186533,80
5fe0f450-ffb9-a5d0-d079-8cd2aaed0310,32
5fe0f0a3-162a-64d7-d9f4-42d651e44a7e,73
5fe0f3b2-4037-c594-17e7-ce169e438174,66
5fe0f15c-0cb7-e004-38d9-e7e8de9a6408,82
5fe0f1ad-9385-1dac-72a1-c0fe296fc0c1,65
5fe0f0a6-2fc9-1315-bc43-9b5d14d88d64,79
5fe0d28e-8ce4-ae79-6714-c9712dd31f53,18
5fe0d2c6-e651-a151-8242-b16dbcc6e414,29
5fe0d453-e143-0e31-8650-98bfa27c6114,39
5fe0d46f-16ac-9523-cd7d-049f0187bd0b,61
5fe0d513-7560-1f00-ad34-04ca1dab0ede,18
5fe0d5fe-9139-8a00-c630-7d120304fded,30
5fe0d5b8-74af-e4eb-518f-43140b229261,31
5fe0d6d8-d30f-8db0-00e6-fb623308af61,68
5fe0d94c-836c-b30d-751c-0eaf300637dd,27
5fe0d901-334d-52e6-a6c0-ae0ad7e807a7,18
5fe0d86e-a2dd-3898-cc5e-e2cef60605ba,74
5fe0d91e-5267-27db-9d27-acb9ee44fbd1,63
5fe0d5ab-850e-b429-1c79-8db5c5f47a35,66
5fe0dbad-778c-ae76-70ec-7784f2695864,25
5fe0daab-ac5f-de09-f0a1-22176fc73843,63
5fe0db73-7456-451f-512c-e77e6ce66279,34
5fe0dd57-9283-96a7-c27b-9d6326d66718,19
5fe0d2d5-9549-ef74-64db-b9df922eb93e,21
5fe0d3f7-e234-625b-b2b2-0a14bcaa045b,71
5fe0d557-cb45-29b3-7e80-b43f709df57e,73
5fe0d4f4-c369-69b2-513c-f63b56e7ec4c,50
5fe0d588-b02a-c26d-94b4-99b76d43a643,68
5fe0d25b-3be9-04bb-87e5-9d11afa64c08,63
5fe0d45b-2ce8-cf97-4e36-2d6af74f67cb,35
5fe0d726-ce7b-2922-96ee-92f55c458ae0,19
5fe0d75d-ece2-4040-5823-a9c404609767,72
5fe0d919-3659-c02a-bdc1-006bae045c2b,18
5fe0d76d-de49-5610-b114-c60b8fde3a27,55
5fe0dccc-1ea9-15a5-8be7-1ea21ee41fed,23
5fe0dded-59f2-093e-119a-b61efdde0c90,18
5fe0ddb0-b825-1a11-9587-f43e76851973,18
5fd92b15-5238-f58c-66de-7d0d6ba8f8b8,18
5fd92b1f-605a-1293-fafd-db009ea44879,19
5fd92c99-a33c-ab58-0c53-be9556177961,25
5fd92d2b-5c10-3e11-32b6-a6eb951474c2,20
5fd92ca3-c106-e7cc-59e5-2a7e5aacd66a,18
5fd92c62-f9c7-078c-8f5c-dddf23c6931a,39
5fd92cb9-b76b-cfa4-c447-e2ddafd048b0,74
5fd92c67-5b54-aa9f-4a17-729127175bfd,53
5fd984dd-d580-1856-9dc3-ad520afa2408,43
5fd9871e-4c7f-1a28-5451-c49e2e941a57,41
5fd986eb-57cc-554f-8246-17c75b39cf24,18
5fd98a72-f2e1-9dfd-28f3-0bef91f9272a,18
5fd98db6-fdcd-2dcc-3def-c4598501e2e8,36
5fd98e8f-1b39-7c1a-62ad-78fe54357d00,27
5fd98dee-6aa8-17d0-7073-c39fc4a981dd,55
5fd98f9a-a088-3e39-7a81-8533981a10e2,26
5fd98e82-442c-6864-b3c9-dc4b75d12095,25
5fd991bb-6a25-3783-8f74-26c2afbfbe9c,19
5fd991be-d110-bb66-df89-851e7f972df2,18
5fd98fea-f964-0a9c-c924-8a22072f0748,48
5fd9a245-9e86-849d-5908-aa9cc26a17b5,65
5fd9fe54-a065-8c98-619d-ddc3e73eb768,55
5fd99368-9be7-7a15-1e5d-c2bd53353bee,76
5fda17f3-5eee-fbfc-8558-a0084a7999f2,51
5fda1781-6682-ec0b-9e8a-9af72bdeef9f,56
5fda27ed-d24d-8daa-9c61-4c55464c88fc,81
5fda2ea1-67a2-e3e7-48f6-2f3241ad5190,52
5fda49e9-48fd-31b2-f9dd-0223b0caf383,70
5fda7ec0-8b06-141e-7c39-f5b87fefedca,69
5fda7fe6-f16c-9ac0-d0a4-8770afcbd877,31
5fda7f4c-e6cf-c1c4-6b4c-0c0bd245f907,74
5fda8020-0cfa-6a15-e893-e565a9fa0f65,72
5fda81e2-547c-122a-3cfb-4372b06dbedf,62
5fda81a7-c404-255e-439b-f13850889950,81
5fda82cf-4c93-ccf4-26d4-cfe292d4b42d,39
5fda8423-e8fa-78f2-1ecf-4d9c257eb1ca,18
5fda8236-3d6b-ed83-1129-c85a37d0b4c1,66
5fda8307-cfdf-a75a-cf20-8c24da09a949,68
5fda83a7-79a8-a132-ac12-2bef544c88f1,28
5fda8472-f0ce-699c-e52c-6afb6d1aa0ea,65
5fda86b9-7c53-c8b3-f848-f28f8a98b264,38
5fda8672-d632-b897-658c-2f0b6399a212,25
5fda8714-b1d7-b3e2-db35-1d9b88eecdd9,70
5fda88fa-64ce-9b45-5c56-696e2bbca1bd,71
5fda8add-c589-46be-9643-1379bbbddc93,75
5fda89ca-8375-d7e5-2608-ca76e55ba1a4,55
5fda8b81-14bc-36e1-db27-868d81bf3ef8,24
5fda8b2f-71d5-4cc0-02d6-a1eda49e1fbf,51
5fda8ec6-62ce-716b-ca98-4d7de7bfe197,64
5fda9094-53e9-0df7-e8e0-3b7a354a0485,23
5fda94aa-a2c0-cab9-cb35-0b42a7249ded,49
5fda97da-3820-0c27-4f1a-7fbd9307f568,39
5fdaa119-6d3b-4933-ba92-5ac8c3518cf8,33
5fdaa118-6901-0aef-3e30-21a277681b82,32
5fdaa2ae-309d-5bea-8823-52f3a67fc65e,27
5fdaa43b-f2a4-41bf-5a25-8d2ac5c1ab04,36
5fdaa50b-a546-e2fc-5c6f-f5d21fb1d611,25
5fdaa71d-c34f-9cdf-6cee-34a84d08f224,29
5fdaabe8-ecdb-fc48-902a-66fa296ca177,43
5fdab2ff-da09-6ef4-8e27-46c722c8ea62,51
5fdabe2b-58b8-2da0-511e-81c78373220b,26
5fdac6fa-5d81-1bcb-cfa4-ce5295b08896,34
5fdad4ff-dd41-699c-0d68-80c300f86906,51
5fdacf42-ceb7-1630-0fbb-ca94a9fae91e,36
5fdadd6f-3801-c5e9-72e8-5634ad007f7a,49
5fdadd7f-dff2-fb61-bf96-c68f40fdb19b,53
5fdce40f-c8a9-4381-ecdb-c3f6af777db5,63
5fdce57d-2cdc-5e99-6174-0846653adfb4,21
5fdce528-c4ca-bc6d-a3c8-c7371123941e,69
5fdce5e8-5cf6-3c37-402b-e5d01abbb0eb,25
5fdce6a4-84b9-de24-ae78-440785eb957c,49
5fdce69f-0f18-f64d-03b8-eb17883b531f,19
5fdce6bb-fb36-f93e-cd47-06595d2ec63c,36
5fdce867-2d2b-18bd-5fd3-23862039abff,21
5fdce85b-d373-0068-e04b-b97cd6ac29bb,59
5fdce899-76ca-ecc7-e29b-63ced5c1ee21,45
5fdce756-7e0f-1a02-84b2-cf8fa18f994a,18
5fdcea73-4a61-a65a-cfd7-c47c7bfd64e1,46
5fdcea48-4911-d83d-2889-347d197ea9d2,88
5fdced11-66e7-3a40-ea0a-62a246636928,47
5fdced09-134c-1df2-efaf-66a4354b2ea3,28
5fdceed1-e105-c8d7-3c91-2be2c9fe93d0,19
5fdcefaa-eede-3ed1-02ba-a4de857fed60,24
5fdcee25-16cc-ff38-3299-7bc3208c40c2,38
5fdceec7-c41b-f143-ab98-ab80d91e45b2,52
5fdcef32-3c6c-9959-373a-a6010f654f0c,18
5fdcefd3-7f16-5413-0a83-64666e1cddae,58
5fdcf471-ced6-e5a8-b4ff-06b2b0e1f66e,36
5fdcecba-e638-c870-774f-3a3cfbb1f71a,60
5fdcf626-c975-1b9d-2306-79154cf5939d,19
5fdcf42f-b13b-af63-aa9e-d4c4db0facf5,50
5fdcf676-8daf-7b98-1add-aa7990c631a6,42
5fdcf803-3dd7-28b4-4fab-88de189075c5,18
5fdcf76d-8162-0d03-ee68-45dce13cf160,44
5fdcf852-194e-8137-76fd-8bb66b146bb6,45
5fdcfa10-8b07-5d01-207d-af80d5dc56aa,67
5fdcfc90-22c8-7548-5c99-8ed3243f2a35,55
5fdcfbb8-a8e8-05b1-fa70-5afdc04c40ba,35
5fdcfceb-00a4-4baf-b6f9-b1d7fbd3db97,44
5fdcfb2d-4095-a968-51e4-17be268d5116,67
5fdcfeec-ca93-c1f5-9761-26b9677e3264,56
5fdd00c5-4948-6959-b94c-02dd61390709,74
5fdd1aae-33d4-cc92-9f02-86dd4029d7ba,45
5fdd3b8e-b412-f3f8-4eeb-9b0d3ee2e4ec,50
5fdd7b68-1308-7e4a-6ff2-5076df3e0cbb,45
5fddf90a-2e68-e0a0-a0d8-5d6c7a465ab6,50
5fde1ad3-a578-6880-e83d-bb13f00ef886,54
5fdf0669-a1a4-e789-6bd9-762622bdee27,51
5fdf73da-268a-f19c-ae0c-4b80c8083a74,45
5fdf7402-0e91-ad35-9bb4-359dc2a9c22e,25
5fdf7418-1df7-e3c3-2a66-80b8a9bc0d8b,19
5fdf7390-6c39-897e-7bf3-9bcfba9f2867,48
5fdf73cb-4f49-9a82-c56d-8534fa95097f,57
5fdf743c-b32f-503a-ec0d-e3aa09a26788,60
5fdf73ad-6350-678e-84a4-666eb16be480,53
5fdf73b4-d03a-d79c-5783-5e50a9529db9,58
5fdf745e-bdad-2c38-d1df-a4c5dd28761a,39
5fdf74d0-aeb2-2b26-862d-efa4e18652c5,30
5fdf74a1-519a-c61e-e4ce-27c55c8721f4,18
5fdf75b4-f0e3-9331-ea3e-9c07a0efb715,63
5fdf76ae-4aff-183a-f1ee-66cc52c2de16,28
5fdf776a-f3ab-1458-23de-05341891927b,37
5fdf76cf-b0ca-db41-6ec1-65fd168db20e,56
5fdf76b5-d4e5-ca92-6d05-99442e970160,34
5fdf753f-9f48-94dc-aea2-1a5c5c502f16,39
5fdf7726-f808-f646-b464-6ef03a10fde9,43
5fdf7755-8125-f58c-d866-2e59d6f9714a,74
5fdf7866-edf4-7a2c-63a3-14b1e1a3e145,25
5fdf78ac-06ef-1f65-e6c1-7f8957263eac,50
5fdf7917-2d57-e64b-41c4-7b0ff975ded1,30
5fdf7940-f43e-9a46-eed3-0317c5df622e,43
5fdf782b-6a84-dd67-d25d-9e1dc80375eb,62
5fdf78a9-c4a6-a6fa-5beb-2a0bd63e2930,51
5fdf79cf-6579-ad8b-14ee-5a9e6697adbf,32
5fdf7a0b-bbfb-72b4-78d9-fed98e311a97,68
5fdf7ab7-4616-bd30-9b41-f098804292ad,29
5fdf7ab0-118c-767b-3651-ff423b3a2744,59
5fdf7cbb-6dde-849a-0820-b3ca8770872e,43
5fdf7d62-9afd-9185-35d3-f97c646d745b,44
5fdf7e13-f4b1-ff76-3194-cc8b0aeb4add,45
5fdf7fea-190e-54a7-93bc-e84770a469c9,39
5fdf8483-3213-33c6-90e6-795b6346ab67,52
5fdf851d-5c2d-9a1d-3952-6b81c203f4ef,30
5fdf84de-4901-851a-56ec-bbe536f0a95d,40
5fdf8648-3187-a452-891a-d83a40e24ba3,35
5fdf835e-6b28-c329-b231-722786e92665,40
5fdf861f-d7eb-7e24-cf1a-f6f48ac5f9da,71
5fdf8465-f463-fea3-0e6e-522da7236fdd,72
5fdf8ab1-eb90-7160-0214-bf5259715ca1,55
5fdf8f29-5298-704a-2be1-3b42c5bfa3ce,25
5fdf92c3-46a0-a619-0ac4-0561440c7197,25
5fdf90d5-d0c3-6e65-8f80-9210c14cba99,26
5fdf966c-edf6-ca5d-98e4-3ad39a0d1e8e,51
5fdf9a84-2958-c2cd-cc83-1cc8a41a3e24,50
5fdf98e9-abfb-ff81-cbd2-e9ad439eb2f8,39
5fdfa78a-f711-7f9a-4cd6-bc68bdcf3376,30
5fdfa934-adc7-fe0b-cd76-26fdca2880c6,60
5fdfac40-38c2-58f8-fd77-eb7e64c1f67c,38
5fdfb000-d05c-6d36-5f55-ab0da6776185,42
5fdfb0e1-4bec-2029-1219-cd5670e74412,18
5fdfb067-178a-ea13-a864-daab1cfbdde8,30
5fdfb0ae-8855-491d-cc60-869f01a806f0,20
5fdfb03a-9f34-32e7-8b96-4557c0bb5c2a,23
5fdfb19a-bb97-b4d5-d73f-8f438e2b6f71,63
5fdfb1aa-3f52-2ad8-6837-4355b17e5ddb,78
5fdfb25e-5589-9e61-1cc7-231cbd1cbfb7,41
5fdfb211-313e-c6dd-4689-bb0389b975ff,61
5fdfb373-bfdf-251b-200b-804600d64f73,50
5fdfb3df-3edb-bf71-cc76-d50f00947df9,63
5fdfb385-cb71-43a0-cb4e-1b27b7fd16a1,40
5fdfb4a6-8193-1dd3-4c9c-30f91b1014cf,49
5fdfb3cb-aef2-84ed-561a-cf0a0977fd15,59
5fdfb5d6-d189-3143-3d25-eecf1355d797,62
5fdfb682-0096-861c-eb42-07072deb3808,72
5fdfb5eb-5467-b501-2623-9617c27b4a5b,40
5fdfb856-3967-9c57-3c16-26594a32d155,53
5fdfb60e-04d0-2b47-d4f8-212df3155b71,48
5fdfb615-6ec2-57dd-c71f-25104f102395,65
5fdfb998-88b5-f606-54f4-99fc30869739,57
5fdfb9eb-6157-047f-e817-f7fb582e5d09,44
5fdfba04-f544-15e5-b690-4a6800fb9acd,61
5fdfbad5-b276-5957-7ed4-6aa35805b015,69
5fdfba10-78ed-befa-3258-e84034f29971,60
5fdfbc48-2253-f30d-e3d3-b2ba687aa08d,57
5fdfb921-e2db-d754-9598-a1b486cf2174,53
5fdfbd47-9aa4-a0f9-8f42-ed5f19d265e0,62
5fdfbd7f-3078-9f15-0d62-237a7cd47598,71
5fdfbe0f-c71b-4ee6-04a2-b6dfa78078c2,78
5fdfb6f7-6caf-e19d-87c2-0c6759d1c4ab,50
5fdfc5ae-e75e-0f20-12fb-e7832511222b,72
5fdfd4cc-e516-7c6c-0cc1-bab7f3a2c28d,59
5fdfde18-4027-2320-87ca-d6d048b080f4,31
5fdfdd7e-7bc7-8c79-55fe-b74c2c619438,48
5fdfdddc-b7d9-9548-c3d5-8876858785ea,18
5fdfde62-5af6-9ad1-a78c-670d6ac5e866,20
5fdfde8c-fd7d-b1c7-919d-4a920cc1019b,25
5fdfdf63-5b9d-fbe3-52c7-b07f815b1a83,18
5fdfdf97-d6ff-40d8-7d6f-ac0044d8a6ca,27
5fdfdfb2-e923-2629-c4f4-81827efd142b,41
5fdfe05b-a80c-c6c5-7866-34c18d021123,18
5fdfdfaf-1ae5-11b9-9b9f-0f560cd5d607,57
5fdfe107-5f0a-fc23-04c8-d55fb0a1c745,67
5fdfe289-5c67-9d7e-04ec-15f1fd1fad62,32
5fdfe256-53ff-a91a-7a90-9256b4f31d43,82
5fdfe2da-01d8-4e9a-45a8-f215e10d51bf,40
5fdfe271-9506-76bf-390f-25098bd96a7c,53
5fdfe03a-6b6d-2421-2924-6ffe4afebfb4,60
5fdfe482-7c74-4488-e007-a41381d10419,20
5fdfe100-7549-1ba2-b537-cfb901879ed2,62
5fdfecd9-f221-83f4-536c-bfefddb6347b,66
5fdfec70-f88e-d6b2-8b72-3805ad9410ea,18
5fdfeec3-e6ed-ab8d-a969-95841bf3f12c,18
5fdff090-28cd-8bf1-fc93-c92ec55c6572,51
5fdff441-ea47-3651-163e-99afc898f2e3,22
5fdff6c9-25d6-6f16-a2c0-3b924ecac128,22
5fdffa33-29f8-f35c-9ec9-d3587a709012,67
5fe00bae-717f-3f07-a659-2c4eb6fd8d78,18
5fe01ba9-ca91-18fa-39eb-4ce93d813a3c,59
5fe01c8b-809a-c65a-3c90-a0b52f36a910,20
5fe01e67-304c-6676-4c9e-154614ec7cf1,65
5fe02646-6c48-b4af-cd7d-a1b14de9bf94,47
5fe024b2-8c3d-eac1-1c9b-4fb258d79afe,20
5fe02e07-9e6b-a9c7-87f5-e01e94388eb6,18
5fe030bd-e37f-8c61-acef-fb7e682d6ab4,21
5fe03238-3ab3-d581-d0b6-8a8e5343e7b4,18
5fe0333f-be89-c09a-bed6-2ee4e0614cef,23
5fe03445-30f8-fb79-5368-a61ffd912851,50
5fe0c2e9-c175-403a-ab45-2e359dea2518,59
5fd92c8d-68a5-e5b5-71a2-6e94f1f742c4,39
5fd92c2d-169f-cddb-741f-7f2bf12482b4,35
5fd92db5-2172-3c4c-8ef5-4facea273427,46
5fd92d33-cecb-8cac-e74b-a7dce0f3a225,35
5fd92e00-a6a0-f883-7bf2-9d3abaf6dfb9,60
5fd9857f-f85c-a4ad-6091-d0ddafdeb842,43
5fd985c8-90fb-f213-5765-6d07e88a14b7,24
5fd988d7-3bf7-76db-ad98-295979d69b43,40
5fd987d6-ada8-1072-eb3c-bfe24328c9ce,34
5fd988b0-338c-98ae-da2e-9be0adc4a988,59
5fd9866c-e44e-112d-03f7-07b3d6168ed5,67
5fd98926-e648-e264-668d-ab196b16371e,65
5fd98c0e-b083-29cf-113b-788b586dda5b,55
5fd98c8b-87b9-2946-f53c-bdbc7ba9577d,55
5fd98e6b-8ed2-0435-9c1d-013cc20ae575,25
5fd98e40-933d-5f93-9c32-8879c4794f5a,37
5fd98e91-22c5-baba-5b8e-b908870b0423,29
5fd98e27-259c-d3d2-f182-23ea4fa65db9,75
5fd98fcc-bf78-f2c0-9087-d08ff30d6da2,45
5fd990b2-8fbf-e19e-78fd-2ea0926746ee,24
5fd999dc-1b45-f92d-fadf-8df2af28d74f,45
5fd99df3-93c3-f36c-6bf5-38b6f4b78f12,36
5fd99f22-3301-d055-6fac-de4108699bf6,31
5fd9c443-fbe3-3d63-15a7-a8a5425b9856,69
5fda0142-fe25-1eb1-1dba-96854fe7459b,47
5fda0b08-d830-401a-a93f-b5063d94cc86,55
5fda7ff2-4f08-deb5-d9b3-9a8db9bbddd8,27
5fda7f22-aabd-be8d-78a1-7afef37c223a,58
5fda7eaa-9b20-f7ae-2e65-36f295f05f40,66
5fda7fdb-e70a-6ae0-a9f7-a82917086ff2,69
5fda8066-3884-1da6-e111-92e4cda54795,57
5fda8149-99f3-31b3-84f4-085728a56242,37
5fda828c-e476-aae6-3688-d2ed9dfc6500,42
5fda8427-3f71-8ce9-d4cf-e4fc1f1ca41d,40
5fda83b5-413e-ffc7-f4f4-1cd90871afd5,43
5fda854c-a88c-5cfe-b2bd-849384efdf0d,70
5fda864d-0688-d034-656f-7d4fef92c639,63
5fda895e-3880-e7ba-9309-565517b01abb,33
5fda8944-d887-d49b-692c-62038fc4dd10,66
5fda8b25-165b-e747-16b6-45080a1e0543,66
5fda89fb-5f58-c546-48b9-592392cfdc31,47
5fda8b90-83b9-8c6c-6a91-6b20ac833431,55
5fda846d-be9a-086d-8b59-06c3c2032923,70
5fda8c3e-fe57-5482-3098-4f300d4f138e,35
5fda8b51-947f-7642-8b3b-a11f9062f1fd,76
5fda8a53-bbcd-5f46-0aa3-5df10dd891d3,60
5fda8df8-6224-975c-d2ad-885233379b3d,40
5fda90f3-af13-f3d1-1eca-9dfc7a5371f0,28
5fda8f91-94cd-7766-a000-4a8a5d788bbc,48
5fda923b-12e8-6c61-8ad9-283056408f25,33
5fda9214-e17e-f8d7-c787-bdd39c97e926,41
5fda9247-7bd8-4991-f9dd-a788cc44e085,25
5fda93da-179b-7f32-b364-05ac89177d0f,56
5fda9688-760e-f408-6ae4-b6d5c213bc2c,56
5fda96ef-5795-3a69-f711-1247738e2fa1,27
5fda982a-4d12-9433-abac-e310883ac9b0,38
5fda8243-f4b5-a60c-9e81-2cbaaebb3870,50
5fdaa3c2-aeb2-a30d-4ab8-58edb3187e9d,40
5fdaa23b-fdf6-63ae-2a7e-d16b7df837fb,39
5fdaa525-45a3-8266-a1c3-28d78848c0c5,53
5fdaa817-8ad6-7ba7-2f77-632700127c4c,34
5fdaafd0-0e4e-7adb-0b79-217eb373bb38,25
5fdabde0-fc1d-0f38-cb11-c8dbdd9305df,42
5fdac6e0-5e8b-16f7-684d-57758d0456f4,29
5fdacedb-359a-1054-20d6-2c4b8e1a7dca,33
5fdad6da-6958-7c62-bb49-6bd40605f9ca,46
5fdae8e2-23f9-1e99-0b8b-f03e13d670fe,22
5fdce1f4-1165-f307-3533-840e494b2182,39
5fdce419-30f7-a163-2357-73d8455aa2c4,38
5fdce3a1-3fe6-c43e-6291-a5dd6f590110,68
5fdce542-4f41-7492-669d-da3b0c454750,48
5fdce62f-6b63-82c8-21f2-b0695205be32,25
5fdce658-c7b6-62ce-63fc-147c463efebf,18
5fdce6b4-a092-8c47-d4d0-561adf227ad6,45
5fdce6a4-1e3a-6bc3-cf7f-a21b0d461fed,33
5fdce6a4-0603-d13e-f185-13fa1664506b,18
5fdce9d6-9e5b-8fb5-6961-5f5c39851037,34
5fdce89e-658a-08ad-65c1-2a3e7c44c090,40
5fdcea1a-554b-b5d4-0af8-0e0845637c3e,18
5fdceaa7-0d42-7c95-7da9-51f5df760093,18
5fdceb44-8ec8-4389-780f-975785aaae72,18
5fdceddc-d033-f952-9c3b-aac3e9f4cec9,22
5fdcf08c-cddb-0766-f47f-a333c1c43919,18
5fdceeea-db5f-a74c-f15d-a3685d811c68,46
5fdcee9a-a485-324e-db14-53acece13e27,35
5fdce864-8fc9-1070-28cb-4bb022575987,72
5fdcf44a-3808-186d-6fa3-95d2bea0ea31,18
5fdcf4ce-c5df-d64c-bbce-151fcc7931fc,54
5fdcf554-3b9b-258b-1011-7a553beb1737,84
5fdcf59e-b1c6-b63b-ec28-b874468b3273,53
5fdcf91d-511e-cc84-bc6c-2900635d2e7f,53
5fdcf89a-9523-7cc2-2d26-f0fbdf7a2949,44
5fdcf906-3097-244e-f889-6e5eae6a8868,61
5fdcf9eb-d396-5ed9-76d6-9e99b36a435b,50
5fdcfa3e-9b36-6a0a-0597-972cd8c64a1d,47
5fdcfb12-e0fb-cb2c-04ea-b108880cf132,67
5fdcfd01-2693-6f86-9bd4-e78ab5707c26,58
5fdcffd3-e164-289b-bd86-9865d4a5e6b9,20
5fdcfe3b-862b-a404-274d-b5384b32d5fa,73
5fdd0032-d6d0-9ce9-bd7a-833bfa9f0909,65
5fdcffaf-ebeb-b8ae-61fd-df4c7e4b7969,56
5fdd347a-be3c-e64f-bd29-fc1f852bd081,49
5fdd64eb-a5b8-b569-bb4a-abe07d741b10,59
5fdd8ef6-218f-42c3-c9c2-3f4527bd042f,70
5fdf2af8-522e-9167-289b-b876ed6d83d3,55
5fdf740e-b833-dcd9-3c81-50f445c52282,22
5fdf73b9-b1b4-dcce-5c7d-e94508f2de6b,18
5fdf73a6-76cd-6517-1563-cc95d4b3a73f,72
5fdf73dc-fbff-8ef2-1ac1-850c47b99493,56
5fdf75dc-7a5b-9a61-c0df-381c5546bfd0,30
5fdf7674-d2ea-775e-5ec4-e614f2b0075e,50
5fdf76bf-1566-5951-249e-401106bc5dfa,71
5fdf763f-a83f-60a2-53d1-e0f1b540ffc8,76
5fdf771f-9a2f-386a-8293-5b2eba48c188,68
5fdf78bb-daa2-b86e-9331-17dc8abaedf6,49
5fdf78e9-fe23-5c78-d048-af8e3283e089,40
5fdf770d-2b31-c5cf-58b7-7710b97c31ed,63
5fdf7d54-5e2a-8dfa-46f7-40aa68328fb5,27
5fdf8144-2760-2f0c-6ea4-87cd6d37a8dd,26
5fdf8181-6509-7c20-5b9e-06ebdc2adea6,27
5fdf8196-3e87-a703-e3bc-0213ae09b088,38
5fdf8394-f8b2-d06d-82ae-e1ce44137afc,42
5fdf85fd-bdf4-918b-8791-c2db53d09e6a,41
5fdf88fd-5122-bda7-f6e2-83b35389c612,40
5fdf9613-c355-d2ab-1743-3db4e9b91665,38
5fdf9768-a5c7-13fa-6b56-95e819d4c826,46
5fdf9a19-9098-a008-256a-21647db52a6f,42
5fdfafaf-7b23-e666-6dd7-124dd2d7d8b3,20
5fdfafbf-fbec-72f6-e095-572b07a2fd16,54
5fdfb0bd-c823-21c6-a4ee-02cb991eacc1,18
5fdfb1bd-a5fe-5cbf-7a62-fe83c3881ae6,78
5fdfb15c-3cfd-3ffb-8259-c0f953b0f47d,56
5fdfb39a-5327-6370-c834-3f77dc6e32b7,45
5fdfb2bb-7c31-95f3-df09-8875f996a826,31
5fdfb30a-bb94-4b25-9b70-f3bfaf575c0d,30
5fdfb34b-d3e4-b6a7-2edd-8a5a5076913c,55
5fdfb352-5dab-1905-78af-bddda17607fa,43
5fdfb2cc-8804-aa2d-1c14-0ca397c4f78b,55
5fdfb422-4bf6-0667-93a9-86376ee7e291,28
5fdfb494-393e-711e-e22a-d92ee8e9a530,55
5fdfb4d1-89a9-3322-819a-b95f4e79f7c9,39
5fdfb48d-6e65-8027-a52b-1c438a80af36,56
5fdfb3a9-f4e6-c842-37a7-49c440166601,79
5fdfb686-7ee7-9b8f-bbc6-bd2daed085f8,33
5fdfb8ab-253f-9c7c-a0d4-ca3f13ada735,65
5fdfb9bd-946d-0e7d-cffe-d9aa06372f74,63
5fdfbab8-c7de-3f21-718b-662527e94fc4,64
5fdfbb73-2ede-abb6-e8cc-0fd167f685fb,54
5fdfba1f-b844-c3a6-191b-f8da54c2515d,47
5fdfbb63-1c16-fdaf-6ea9-11b465d6554a,63
5fdfbc7d-14d4-8d5c-2aaf-c4eb884ee441,65
5fdfbd8d-91d2-d389-571b-15a48f05208d,51
5fdfddf2-cbf2-cd4c-aafb-af99792f4d96,18
5fdfddcf-3a8f-90e0-0d79-028737306ff5,18
5fdfdd85-857a-2aeb-9da4-c1bb1b46fc62,41
5fdfded3-79d9-2d62-d3dc-2e6c3dde5be5,35
5fdfe23c-9bb2-6842-e0f4-53ade8c38de7,29
5fdfe2a2-1028-da33-ab1b-548f92db38c8,23
5fdfe255-285e-5215-7f5a-4d7da0a63bb8,55
5fdfe09c-cfc1-3ff7-6402-cdda60c63737,25
5fdfe443-3e04-40e7-a30c-b165a1746d79,19
5fdfe21b-27c0-7304-304c-408f231d4a26,83
5fdfe4fe-6923-5675-bdff-6d0b940b1557,45
5fdfe671-65f6-bc4b-1bf3-3fac3eda2dbf,44
5fdfe2d5-b828-0f25-1bab-8d9f3486d400,49
5fdfec27-2527-c001-d01e-53070ec613bc,20
5fdfebe1-f0e2-90bd-1084-48e4451b9cd4,66
5fdfee32-2cc9-b202-c123-c46e4e9c0347,45
5fdff3ed-a3b5-1ce7-8fcb-e2229f674eb5,18
5fdff5de-a63d-91fe-61d5-07bc98de57bb,49
5fdff49a-d611-0050-e55d-c5f57f3d381f,56
5fdff7bc-5f00-cf13-d29d-7fb9c93f6911,22
5fdffde2-b8d6-614c-78ac-7c58e2815640,18
5fe00889-e0e3-ece0-790d-bfb2a09f3aec,20
5fe00c85-7bf4-362c-49bf-ed522368581a,18
5fe00d32-9a1d-6462-b46e-fac743aa16f5,64
5fe011a0-29fe-cc53-c070-ca9b903cdd82,20
5fe01a96-d901-0a8f-e34b-f54f8cedfcb7,20
5fe01e66-d114-37f3-572b-8c5fefcba150,19
5fe020b8-ec3f-baff-cdb1-c33855744ba4,23
5fe02154-19c4-7756-ebfc-95738f562a00,18
5fe02e9d-1fe5-421a-4e2c-862fe38470f1,19
5fe033ca-3de1-91d1-d26c-7a2c5fa667e4,60
5fe03855-0e2a-b1b1-ce4f-a121197f2017,50
5fe05022-cb24-8c08-e8ac-7d8a3b4ed699,51
5fe05501-d901-fb14-b473-502f38d657cf,51
5fe07564-4bd9-d242-33a6-1a7a40dcbe3b,59
